Workbook

Sheet times
A1: TIMEOUT
B4: alignment
B5: Queries
B6: request the information of a user | C6: 1.3 | D6: 1.5 | E6: 1.4 | F6: 1.5 | G6: 1.4 | H6: 1.6 | I6: 1.3 | J6: 1.6 | K6: 1.5 | L6: 1.4
B7: request the distribution of tags used by a user | C7: 4.3
B8: request the forums a user posted
B9: request the messages of like users
B16: Normal
B17: =B5 -> Queries
B18: =B6 -> request the information of a user
B19: =B7 -> request the distribution of tags used by a user
B20: =B8 -> request the forums a user posted
B21: =B9 -> request the messages of like users

Sheet nresult
B4: =times!B4 -> alignment
B5: =times!B5 -> Queries
B6: =times!B6 -> request the information of a user | C6: 1
B7: =times!B7 -> request the distribution of tags used by a user
B8: =times!B8 -> request the forums a user posted
B9: =times!B9 -> request the messages of like users
B16: =times!B16 -> Normal
B17: =times!B17 -> Queries
B18: =times!B18 -> request the information of a user
B19: =times!B19 -> request the distribution of tags used by a user
B20: =times!B20 -> request the forums a user posted
B21: =times!B21 -> request the messages of like users

Sheet nreq
B5: =nresult!B4 -> alignment
B6: =nresult!B5 -> Queries
B7: =nresult!B6 -> request the information of a user | C7: 254
B8: =nresult!B7 -> request the distribution of tags used by a user
B9: =nresult!B8 -> request the forums a user posted
B10: =nresult!B9 -> request the messages of like users
B17: =nresult!B16 -> Normal
B18: =nresult!B17 -> Queries
B19: =nresult!B18 -> request the information of a user
B20: =nresult!B19 -> request the distribution of tags used by a user
B21: =nresult!B20 -> request the forums a user posted
B22: =nresult!B21 -> request the messages of like users
