Workbook

Sheet times
A1: TIMEOUT
B4: alignment
B5: Queries
B6: request the messages of liked users | C6: 4.7 | D6: 4.8 | E6: 5.9 | F6: 8.5 | G6: 7.7 | H6: 7.4 | I6: 8.2 | J6: 5.8 | K6: 6.9 | L6: 9.1
B7: request the forums a user posted | C7: =A1 -> TIMEOUT
B8: request the information of a user | C8: 1.2 | D8: 1.1 | E8: 1 | F8: 1.1 | G8: 1.2 | H8: 1.1 | I8: 1 | J8: 1.1 | K8: 1 | L8: 1.1
B9: requests the post of a user | C9: 0.4 | D9: 0.3 | E9: 0.3 | F9: 0.4 | G9: 0.4 | H9: 0.4 | I9: 0.4 | J9: 0.3 | K9: 0.3 | L9: 0.3
B10: request the distrubution of tags used by a user | C10: 2.8 | D10: 2.5 | E10: 2.5 | F10: 2.5 | G10: 2.6 | H10: 2.9 | I10: 2.8 | J10: 2.9 | K10: 3.1 | L10: 3.1
B16: Normal
B17: =B5 -> Queries
B18: =B6 -> request the messages of liked users | C18: =A1 -> TIMEOUT
B19: =B7 -> request the forums a user posted | C19: =A1 -> TIMEOUT
B20: =B8 -> request the information of a user | C20: 1 | D20: 1 | E20: 1.1 | F20: 1.1 | G20: 1 | H20: 1.1 | I20: 1.1 | J20: 1.1 | K20: 1 | L20: 1
B21: =B9 -> requests the post of a user | C21: 0.2 | D21: 0.2 | E21: 0.2 | F21: 0.2 | G21: 0.2 | H21: 0.2 | I21: 0.2 | J21: 0.2 | K21: 0.2 | L21: 0.2
B22: =B10 -> request the distrubution of tags used by a user | C22: 1.9 | D22: 1.8 | E22: 1.7 | F22: 1.9 | G22: 2.2 | H22: 2.2 | I22: 2.6 | J22: 2.2 | K22: 2.4 | L22: 2.2

Sheet nresult
B4: =times!B4 -> alignment
B5: =times!B5 -> Queries
B6: =times!B6 -> request the messages of liked users | C6: 10
B7: =times!B7 -> request the forums a user posted | C7: =times!A1 -> TIMEOUT
B8: =times!B8 -> request the information of a user | C8: 1
B9: =times!B9 -> requests the post of a user | C9: 2
B10: =times!B10 -> request the distrubution of tags used by a user | C10: 71
B16: =times!B16 -> Normal
B17: =times!B17 -> Queries
B18: =times!B18 -> request the messages of liked users | C18: =times!C18 -> TIMEOUT
B19: =times!B19 -> request the forums a user posted | C19: =times!A1 -> TIMEOUT
B20: =times!B20 -> request the information of a user | C20: 1
B21: =times!B21 -> requests the post of a user | C21: 0
B22: =times!B22 -> request the distrubution of tags used by a user | C22: 71

Sheet nreq
B5: =nresult!B4 -> alignment
B6: =nresult!B5 -> Queries
B7: =nresult!B6 -> request the messages of liked users | C7: 286
B8: =nresult!B7 -> request the forums a user posted | C8: =times!A1 -> TIMEOUT
B9: =nresult!B8 -> request the information of a user | C9: 137
B10: =nresult!B9 -> requests the post of a user | C10: 52
B11: =nresult!B10 -> request the distrubution of tags used by a user | C11: 386
B17: =nresult!B16 -> Normal
B18: =nresult!B17 -> Queries
B19: =nresult!B18 -> request the messages of liked users | C19: =times!C18 -> TIMEOUT
B20: =nresult!B19 -> request the forums a user posted | C20: =times!A1 -> TIMEOUT
B21: =nresult!B20 -> request the information of a user | C21: 137
B22: =nresult!B21 -> requests the post of a user | C22: 52
B23: =nresult!B22 -> request the distrubution of tags used by a user | C23: 386
